State,Code,Location,Square Feet,Year Opened,Description of Operation,Type,County,City,Year
Arizona,DPX1,"500 S. 48th Street, Phoenix, Arizona, USA, 85034",-,May 2015,Delivery Station for Phoenix West Valley Co-located in UAZ1,Delivery Station,Maricopa County,Maricopa County,2015
Arizona,DPX3,"550 E. Elliot Rd, Chandler . Arizona, USA, 85225",91.200,May 2017,Delivery Station for Phoenix East Valley,Delivery Station,Maricopa County,Maricopa County,2017
California,DSF1,"990 Beecher St, San Leandro, California, USA, 94577","42,400",September 2013,Delivery Station for Oakland,Delivery Station,Alameda County,Alameda County,2013
California,DSF2,"Candlestick Park Delivery Station, San Francisco, California. USA, 94124",-,September 2013,Delivery Station for Bay Area,Delivery Station,nan,nan,2013
California,DSF3,"1700 Montague Expy, San Jose, California, USA, 95131","25,800",2013,Delivery Station for San Jose,Delivery Station,Santa Clara County,Santa Clara County,2013
California,DSFS,"250 Utah Avenue, South San Francisco, California, USA, 94080-6801","111,000",June 2016,Delivery Station for South San Francisco,Delivery Station,San Mateo County,San Mateo County,2016
California,DSF6,"6015 Giant Road, Richmond, California, USA, 94080-6801","224,200",Fall 2016,Delivery Station for Northeast Bay Area,Delivery Station,Contra Costa County,Contra Costa County,2016
California,DSD1,"16550 Via Esprillo, San Diego, California, USA, 92127","165,600",2013,"Delivery Station for San Diego
Relocated to this location in March 2017",Delivery Station,San Diego County,San Diego County,2013
California,DSD2,"2777 Loker Ave W, Carlsbad, California, USA, 92010-6517","39,700",2013,Delivery Station for San Diego,Delivery Station,San Diego County,San Diego County,2013
California,DLA1,"900 W Florence Ave. Inglewood, California. USA. 90301","27,700",May 2013,Delivery Station for Los Angeles Amazon's first U.S. Delivery Station,Delivery Station,Los Angeles County,Los Angeles County,2013
California,DLA3,"5829 Smithway St, Commerce, California, USA, 90040","48,400",June 2013,Delivery Station for East Los Angeles,Delivery Station,Los Angeles County,Los Angeles County,2013
California,DLA4,"9031 Lurline Ave, Chatsworth. California, USA, 91311","29,200",June 2013,Delivery Station for Burbank area,Delivery Station,Los Angeles County,Los Angeles County,2013
California,DLAS,"6250 Sycamore Canyon Blvd., Riverside, California, USA, 92507 0771","36,000",April 2016,Delivery Station for Riverside area,Delivery Station,Riverside County,Riverside County,2016
California,DLA6,"Santa Ana, California, USA",-,March 2015,Delivery Station for Anaheim/Irvine area,Delivery Station,Orange County,Orange County,2015
California,DLA7,"15940 Euclid Avenue, Chino, California, USA, 91748",-,March 2017,Delivery Station for City of Industry area,Delivery Station,San Bernardino County,San Bernardino County,2017
California,DLA8,"2815 W. El Segundo Blvd., Hawthorne, California, USA, 90250",170.000,July 2016,Delivery Station for Los Angeles,Delivery Station,Los Angeles County,Los Angeles County,2016
California,DLA9,"17871 Von Karman Ave, Irvine, California, USA, 92614","187,800",February 2017,Delivery Station for Los Angeles May also contain a Pantry facility,Delivery Station,Orange County,Orange County,2017
Florida,DMI1,"15600 NW 15th Ave, Miami Gardens. Florida, USA, 33169",-,March 2015,Delivery Station for Miami area Co-located in UFL1,Delivery Station,Miami-Dade County,Miami-Dade County,2015
Florida,DMI2,"3200 Northwest 67th Avenue, Miami, Florida, USA, 33122",-,2017,"Delivery/Sortation Center located next to Miami International Airport.
Regional Air Hub Facility
Co-located in MIA6",Delivery Station,Miami-Dade County,Miami-Dade County,2017
Florida,DM1,"73 Kingspointe Pkwy, Orlando, Florida, USA, 32819","226,000",2016,"Delivery Station for Orlando
May also contain a Pantry facility",Delivery Station,Orange County,Orange County,2016
Florida,DJA1,"11084 Cabot Commerce Circle, Jacksonville, Florida, USA, 32226","63,000",2017,Delivery Station for Jacksonville area,Delivery Station,Duval County,Duval County,2017
Georgia,DAT1,"4800 Highlands Pkwy SE, Smyrna, Georgia, USA, 30082","114,000",August 2016,Delivery Station for Atlanta area,Delivery Station,Cobb County,Cobb County,2016
Illinois,DCH1,"2801 S. Western Ave, Chicago, Illinois, USA, 60608","150,000",June 2015,Delivery Station for Chicago,Delivery Station,Cook County,Cook County,2015
Illinois,DCH2,"8220 Austin Ave, Morton Grove. Illinois, USA, 60053","39,300",July 2015,Delivery Station for Chicago,Delivery Station,Cook County,Cook County,2015
Illinois,DCH3,"4500 Western Ave, Lisle , Illinois, USA, 60532","68,000",August 2015,Delivery Station for Chicago,Delivery Station,DuPage County,DuPage County,2015
Illinois,DCH4,"401 Terrace Dr., Mundelein. Illinois, USA, 60060","91,000",April 2017,Delivery Station for Chicago,Delivery Station,Lake County,Lake County,2017
Virginia,DDC1,"5617 Industrial Dr, Suite A, Springfield, Virginia, USA, 22151- 4410",-,2015,Delivery Station for Washington DC Co-located in BWI6,Delivery Station,Fairfax County,Fairfax County,2015
Maryland,DDC2,"861 E Gude Drive, Rockville, Maryland, USA. 20850","65,000",April 2015,Delivery Station for Washington DC,Delivery Station,Montgomery County,Montgomery County,2015
Massachusetts,DB01,"201 Beacham Street, Everett (Chelsea), Massachusetts, USA, 02149-5518",-,June 2016,Delivery Station for Boston Co-located in BOS6,Delivery Station,nan,nan,2016
Massachusetts,DB02,"500 Sprague St.. Dedham, Massachusetts. USA. 02026",60.500,August 2015,Delivery Station for Boston,Delivery Station,Norfolk County,Norfolk County,2015
Michigan,DDT1,"999 Chicago Road, Troy, Michigan, USA, 48083","26,000",September 2017,Delivery Station for Detroit,Delivery Station,Oakland County,Oakland County,2017
Minnesota,DMN1,"2811 Beverly Drive , Eagen, Minnesota, USA, 55121","142,000",2016,Delivery Station for Minneapolis/St. Paul,Delivery Station,Dakota County,Dakota County,2016
Missouri,,"Building 4, 441 Hazelwood Logistics Center Drive, Hazelwood, Missouri, USA, 63042","100,000",Q3 2017,Delivery Station for St. Louis,Delivery Station,St. Louis County,St. Louis County,2017
Nevada,DLV1,"3165 W. Sunset Rd, Suite 102, Las Vegas, Nevada, USA, 89118","84,200",2016,Delivery Station for Las Vegas,Delivery Station,Clark County,Clark County,2016
New Jersey,DEW1,"2 Empire Boulevard, Moonachie, New Jersey, USA, 07074","75,000",May 2015,Delivery Station for New Jersey,Delivery Station,Bergen County,Bergen County,2015
New York,DAL1,"75 Cohoes Ave., Green Island Village , New York, USA, 12183","64,000",2017,Delivery Station for Albany Region,Delivery Station,Albany County,Albany County,2017
New York,DNY1,"New York, New York, USA",-,September 2014,Delivery Station for New York City,Delivery Station,nan,nan,2014
New Jersey,DNY2,"630 Sullivan Rd, Elizabeth, New Jersey, USA, 07201","65,000",September 2015,Delivery Station for New York City,Delivery Station,Union County,Union County,2015
Oregon,DP01,"3610 NW St Helens Rd. Portland, Oregon, USA, 97210","89,500",January 2016,Delivery Station for Portland,Delivery Station,Multnomah County,Multnomah County,2016
Pennsylvania,DPH1,"4219 Richmond Street, Philadelphia, Pennsylvania, USA, 19137",65.500,2015,Delivery Station for Philadelphia,Delivery Station,Philadelphia County,Philadelphia County,2015
Texas,"DAU1/
TTY/
UTX2","2209 B Rutland Rd, Austin, Texas, USA, 78758",-,April 2015,Delivery Station for Austin Co-located in UTX2,Delivery Station,Travis County,Travis County,2015
Texas,DDA1,"12401 North Stemmons Fwy, Farmers Branch , Texas, USA, 75234","183,000",2015,Delivery Station for Dallas,Delivery Station,Dallas County,Dallas County,2015
Texas,DDA2,"3838 W Miller Road, Garland , Texas, USA, 75041","200,000",September 2016,Delivery Station for Dallas,Delivery Station,Dallas County,Dallas County,2016
Texas,DDA3,"4601 Gold Spike Drive, Fort Worth, Texas, USA, 76106",-,December 2016,Delivery Station for Fort Worth Market Co-located in DALE,Delivery Station,Tarrant County,Tarrant County,2016
Texas,DH01,"11720 N Lessner Rd, Building 5, Houston, Texas, USA, 77064","155,400",2016,Delivery Station for Houston Market,Delivery Station,nan,nan,2016
Virginia,DDC1,"5617 Industrial Dr, Suite A, Springfield, Virginia, USA, 22151- 4410",-,2017,Delivery Station for Washington DC Market Co-located in UVA1,Delivery Station,Fairfax County,Fairfax County,2017
Virginia,,"4101Carolina Avenue, Richmond, Virginia, USA, 23222","45,000",September 2017,Delivery Station for Richmond VA,Delivery Station,Henrico County,Henrico County,2017
Washington,DSF2,"6705 E Marginal Way, Seattle . Washington. USA, 98108",26.200,2015,Delivery Station for Seattle,Delivery Station,King County,King County,2015
Wisconsin,DML1,"3935 W. Mitchell St., Milwaukee, Wisconsin. USA. 53125",50.000,February 2016,Delivery Station for Milwaukee,Delivery Station,Milwaukee County,Milwaukee County,2016
California,ONT4/ ONT7,"2020 E. Central Ave., Building 4, San Bernardino, California, USA, 92408-2606","514,600",October 2013,"Building 4 connects to Building 3 ONT4 is Amazon.Fresh
ONT7 is Amazon Pantry",Fresh,San Bernardino County,San Bernardino County,2013
California,LAX6,"5119 District Blvd, Vernon, California. USA. 90058","121,100",,Amazon.Fresh,Fresh,Los Angeles County,Los Angeles County,
California,OAK6,"1555 N. Chrisman Rd., Tracy, California, USA, 95304-9370",-,October 2013,OAK6 is Amazon.Fresh for the San Francisco Bay Area co-located within OAK4,Fresh,San Joaquin County,San Joaquin County,2013
California,OAK7,"38811 Cherry Street, Newark. California, USA, 94560-4939",-,November 2014,OAK7 is Amazon Pantry Co-located within OAKS,Fresh,Alameda County,Alameda County,2014
Colorado,DEN6,"Crossroads Commerce Park, Building 2, 480 E. 55th Ave., Adams , Denver, Colorado, USA, 80216","290,700",2017,To be confirmed as an Amazon.Fresh Distribution Center,Fresh,Denver County,Denver County,2017
Florida,MIA6/ DMI2,"3200 Northwest 67th Avenue. Miami, Florida. USA, 33122",117.200,2017,Amazon Pantry/Delivery Station,Fresh,Miami-Dade County,Miami-Dade County,2017
Georgia,ATL9,"2232 Northmont Parkway, Duluth, Georgia, USA, 30096","88,800",November 2016,Amazon.Fresh for Atlanta Market,Fresh,Gwinnett County,Gwinnett County,2016
Illinois,ORD61 UIL2,"1250 N. Mittel Blvd, Wood Dale, Illinois, USA, 60191","82,100",July 2016,Amazon.Fresh for Chicago market,Fresh,DuPage County,DuPage County,2016
Kentucky,CVGS/ CVG7,"2285 Litton Lane, Hebron, Kentucky, USA, 41048-8435",-,September 2013,CVG7 is Amazon Pantry Co-located in CVGS,Fresh,Boone County,Boone County,2013
Massachusetts,BOS6/ DB01,"201 Beacham Street, Everett (Chelsea), Massachusetts, USA, 02149-5518",96.600,June 2015,Amazon.Fresh for Boston Market,Fresh,nan,nan,2015
New Jersey,EWR61 EWR7,"275 Omar Ave., Avenel, New Jersey, USA, 07001-2225","391,700",September 2013,"EWR6 is Amazon Fresh
EWR7 is Amazon Pantry",Fresh,Middlesex County,Middlesex County,2013
New Jersey,LGA7/ LGA8,"380 Middlesex Ave, Carteret, New Jersey, USA, 07008-3446","810,000",August 2016,"LGA7 is Pantry;
LGA8 is Amazon.Fresh Formerly a White Rose DC",Fresh,Middlesex County,Middlesex County,2016
New York,,"201 Grumman Rd. W. , Bethpage, New York, USA, 11714","161,400",Q4 2016 ,"Amazon Pantry (FDFC)
Formerly a Goya Distribution Center",Fresh,Nassau County,Nassau County,2016
Texas,DAL6/ DDA3/ UTX7,"4601 Gold Spike Drive, Fort Worth, Texas, USA, 76106","558,600",October 2016,Amazon.Fresh Distribution Center,Fresh,Tarrant County,Tarrant County,2016
Texas,,"Fallbrook Pines Business Park near the intersection of Beltway 8 and Highway 249 , Houston, Texas, USA, 77064","197,900",2018,Amazon.Fresh Distribution Center,Fresh,nan,nan,2018
Virginia,BWI1,"45121 Global Plaza, Sterling, Virginia, USA, 20166","80,900",September 2013,Amazon Pantry (FDFC),Fresh,Loudoun County,Loudoun County,2013
Virginia,BWI6I UVA1,"5617 Industrial Dr, Suite A, Springfield, Virginia, USA, 22151- 4410","115,100",June 2016 ,Amazon.Fresh,Fresh,Fairfax County,Fairfax County,2016
Washington,SEA6/ SEA8/ ISE2,"1227 124th Ave NE, Building 2, Bellevue, Washington, USA, 98005-2111","313,300",August 2007,"SEA6: Amazon Pantry Fulfillment Center
SEA8: Amazon Fresh Fulfillment Center with perishables and frozen foods. SEA8 to move to BFI6 in Q2 2017.",Fresh,King County,King County,2007
Washington,BFI6,"20202 84th Ave S., Kent, Washington, USA, 98032","158,200",Q2 2017,Amazon Fresh to replace SEA8 by Q2 2017,Fresh,King County,King County,2017
Washington,BFI7,"1901 140th Ave E, Sumner, Washington, USA, 98390","229,800",Q2 2017,Amazon Pantry to replace SEA6 by Q2 2017,Fresh,Pierce County,Pierce County,2017
Wisconsin,MKE7,"Burlington, Wisconsin, USA",-,2018,Amazon Pantry for Milwaukee TBD,Fresh,Racine County,Racine County,2018
Arizona,PHX3,"6835 West Buckeye Road, Phoenix, Arizona, USA, 85043- 4428","1,009,400",September 2007,"Large Sortable & Apparel Fulfillment Center. Originally opened at 605,000 Sq. Ft and expanded by 400,000 Sq. Ft. in Dec. 2011",Fulfillment,Maricopa County,Maricopa County,2007
Arizona,PHX5,"16920 W. Commerce Dr. , Goodyear, Arizona, USA, 85338- 3620","820,400",June 2008,"Large Non-Sortable Fulfillment Center.
Originally opened at 800,000 Sq. Ft. and expanded to 1.2 Million Sq. Ft by adding 2 x 230,000 sq ft mezzanines in 2011.",Fulfillment,Maricopa County,Maricopa County,2008
Arizona,PHX6/ TFC1,"4750 & 5050 West Mohave Street, Phoenix, Arizona, USA, 85043-4428","1,205,600",October 2010,"Large Sortable Fulfillment Center in one half of the building. Small Sortable Fulfillment
Center in the other half",Fulfillment,Pinal County,Pinal County,2010
Arizona,PHX7/ PHX8,"800 N. 75th Ave, Phoenix, Arizona, USA, 85043-3101","267,
100 1 .",September 2011,"PHX7 is Large Non-Sortable
PHX8 is a Sortation Center",Fulfillment,Maricopa County,Maricopa County,2011
Arizona,PHX9,"777 S 79th Ave, Tolleson, Arizona, USA, 85353","580,100",October 2015,PHX9 is a Seasonal FC,Fulfillment,Maricopa County,Maricopa County,2015
Arizona,RUSH,"7037 West Van Buren Street , Phoenix, Arizona, USA, 85043","543,400",October 2015,"Large Non-Sortable FC
Run by 3PL Menlo Logistics",Fulfillment,Maricopa County,Maricopa County,2015
California,ONT2/ ONT3,"1910 E. Central Ave., Building 3, San Bernardino, California, USA, 92408-0123","1,466,700",October 2012,"ONT2 is Small Sortable
ONT3 is Make on Demand Printing (MOD) 2,000 associates",Fulfillment,San Bernardino County,San Bernardino County,2012
California,ONT6,"24208 San Michele Rd, Moreno Valley, California, USA, 92551- 9561","1,250,000",August 2014,Small Sortable & Apparel Fulfillment Center 3.000 people,Fulfillment,Riverside County,Riverside County,2014
California,ONT9,"2125 W. San Bernardino Ave, Redlands, California, USA, 92374-5005","777,600",October 2014,Non-Sortable Fulfillment Center Ships large items (e.g. televisions),Fulfillment,San Bernardino County,San Bernardino County,2014
California,LGB1,"2417 E. Carson St., Long Beach, California, USA, 90810","468,100",June 2016,Probably an Inbound Import / Break Bulk Center,Fulfillment,Los Angeles County,Los Angeles County,2016
California,LGB4,"27517 Pioneer Ave, Redlands, California, USA, 92374-1501","750,000",June 2017,"Larger items, such as sports equipment, patio furniture and pet food.",Fulfillment,San Bernardino County,San Bernardino County,2017
California,SNA6/ SNA9,"5250 Goodman Way, Eastvale. California, USA, 91752-5088","1,033,200",October 2016,Small Sortable,Fulfillment,Riverside County,Riverside County,2016
California,,"Goodman Commerce Center, Antu-Galleano Ranch Road Exit on the 1-15, Eastvale, California, USA, 91752","1,000,000",2018,Large Non-Sortable,Fulfillment,Riverside County,Riverside County,2018
California,LGB6,"20901 Krameria Avenue, Riverside. California. USA, 92508",1.000.000,Q4 2017,Large Non-Sortable,Fulfillment,Riverside County,Riverside County,2017
California,SNA7/ SNA8,"555 East Orange Road, Gateway South Building 3, San Bernardino, California, USA, 92408-2453","1,102,600",March 2016,Small Sortable,Fulfillment,Orange County,Orange County,2016
California,SMF1,"4900 W Elkhorn Blvd, Sacramento, California, USA, 95835-9505","855,000",October 2017,Small Sortable,Fulfillment,Sacramento County,Sacramento County,2017
California,,"Near Stockton Metro Airport, Stockton, California, USA","600,000",2018,Large Non-Sortable 1000 associates,Fulfillment,San Joaquin County,San Joaquin County,2018
California,OAK3,"255 Park Center Drive, Patterson, California, USA, 95363-8876","1,000,000",October 2013,Large Non-Sortable 1000 people,Fulfillment,Stanislaus County,Stanislaus County,2013
California,OAK4/ OAK6,"1555 N. Chrisman Rd., Tracy, California, USA, 95304-9370","1,200,000",October 2013,"OAK4 is a Small Sortable Fulfillment Center Facility includes automation / robotics (Kiva) for small sortable products
OAK6: Amazon.Fresh
2,500 people",Fulfillment,San Joaquin County,San Joaquin County,2013
California,SJC7,"188 Mountain House Parkway. Tracy, California. USA. 95377- 8906","1,001.400",October 2016,"Large Non-Sortable. Ships larger products
such as barbecues and appliances.",Fulfillment,San Joaquin County,San Joaquin County,2016
California,XUSD,"1909 Zephyr Street, Stockton, California, USA, 95206","508000
,",October 2013,"Large Non-Sortable (e.g. canoes, fishing rods)
Outsourced to 3PL Menlo Logistics",Fulfillment,San Joaquin County,San Joaquin County,2013
California,SNA4,"2496 W Walnut Ave., Rialto. California, USA, 92376-3009",882.200,November 2015,Large Non-Sortable 300 people,Fulfillment,San Bernardino County,San Bernardino County,2015
California,XUSJ,"1590 N Tamarind Ave., Rialto, California, USA, 92376","543,400",September 2016,"Large Non-Sortable
Run By 3PL XPO Logistics",Fulfillment,San Bernardino County,San Bernardino County,2016
California,,"South Orange Avenue near Central Avenue, Fresno, California. USA,","855,000",July 2018,Sortable,Fulfillment,Fresno County,Fresno County,2018
Colorado,DEN1,"14601 Grant Street, Thornton, Colorado, USA,","855,000",August 2018,"Sortable
1,500 associates to be hired",Fulfillment,Adams County,Adams County,2018
Colorado,DEN2,"240006 E. 19th Avenue, Aurora, Colorado, USA, 80019","1,000,000",September 2017,"Large Non-Sortable
1,000 associates to be hired",Fulfillment,Adams County,Adams County,2017
Connecticut,BDL1,"801 Day Hill Road, Windsor, Connecticut, USA, 06095","1,017,500",June 2015,"Large Non-Sortable
1500 Associates 1 M SF + 500,000 SF Mezzanine
Ships large items like televisions",Fulfillment,Hartford County,Hartford County,2015
Connecticut,BDL2,"409 Washington Ave, North Haven. Connecticut, USA, 06473","855,000",Spring 2019,"Sortable
1.800 associates to be hired",Fulfillment,New Haven County,New Haven County,2019
Delaware,PHL1,"1 Centerpoint Blvd, New Castle, Delaware, USA, 19720-4172","202,000",November 1997,"Large Sortable
Amazon's 2nd DC in its network",Fulfillment,New Castle County,New Castle County,1997
Delaware,PHL7/ PHL8/ PHL9,"560 Merrimac Ave, Middletown, Delaware, USA, 19709-4652","000 035, 1
,",October 2012,"PHL7 is Small Sortable
PHL8 is a Sortation Center
PHL9 is Make on Demand Printing (MOD) 3.000 full time associates",Fulfillment,New Castle County,New Castle County,2012
Florida,TPA1,"3350 Laurel Ridge Ave, Ruskin, Florida, USA, 33570-5526","1,017,600",Q4 2014,"Small Sortable
3,000 full time people.
Investment $200 Million.
Facility expanded (doubled) in 2015 - 2016",Fulfillment,Hillsborough County,Hillsborough County,2014
Florida,TPA2/ LAL1,"1760 County Line Rd . , Lakeland, Florida, USA, 33811- 1808","1,000,000",August 2014,"Large Non-Sortable
Ships items such as televisions 800 full time people
Investment $102 Million.",Fulfillment,Polk County,Polk County,2014
Florida,XUSF,"901 W Landstreet Rd, Suite C, Orlando, Florida, USA, 32824- 8028","180,000",July 2014,Large Non-Sortable Run by 3PL NFI,Fulfillment,Orange County,Orange County,2014
Florida,JAX2,"12900 Pecan Park Road, Jacksonville, Florida. USA, 32218-2432",855.000,September 2017,Small Sortable,Fulfillment,Duval County,Duval County,2017
Florida,JM3,"13333 103rd St., Cecil Commerce Center, Jacksonville, Florida, USA, 32221-8686","1,016,000",Q1 2018,Large Non-Sortable,Fulfillment,nan,nan,2018
Florida,MIA1,"The Carrie Meek International Business Park, Curtiss Street & NW 42nd Ave , Opa-locka, Florida, USA, 33054","855,000",Q4 2017,Small Sortable,Fulfillment,nan,nan,2017
Florida,MCO1,"Boggy Creek Road and Jeff Fuqua Boulevard, Orlando, Florida, USA, 32824","855,000",Q4 2018,Small Sortable,Fulfillment,Orange County,Orange County,2018
Georgia,ATL6/ ATL5,"4200 North Commerce Dr, East Point, Georgia, USA, 30344- 5707","301,200",March 2014,ATL6: Electronic and apparel merchandise. ATLS Sortation Center,Fulfillment,Fulton County,Fulton County,2014
Georgia,ATL7,"6855 Shannon Parkway, Union City, Georgia, USA, 30291","517,100",February 2015,Supplemental Fulfillment Center,Fulfillment,Fulton County,Fulton County,2015
Georgia,ATL8,"2201 Thornton Road, Lithia Springs, Georgia, USA, 30122- 3895","733,200",November 2015,Specialty Fulfillment Center,Fulfillment,Douglas County,Douglas County,2015
Georgia,MGE1,"650 Broadway Ave., Braselton, Georgia, USA, 30517-3002","613000
,",October 2016,"Large Sortable : Household decor items, sporting equipment and gardening tools",Fulfillment,Jackson County,Jackson County,2016
Georgia,MGE3,"808 Hog Mountain Road, Building F, Jefferson, Georgia, USA, 30549","822,300",July 2017,Large Non-Sortable,Fulfillment,Jackson County,Jackson County,2017
Indiana,IND1,"4255 Anson Blvd , Whitestown, Indiana, USA, 46075-4412","1,000,000",August 2008,"Large & Small Sortable
Expanded by 400,000 Sq. Ft. in February, 2011. 2,000 associates.",Fulfillment,Boone County,Boone County,2008
Indiana,IND2/ IND3,"715 & 717 Airtech Parkway, Plainfield, Hendricks County, Indiana, USA, 46168","947,300",October 2008,"IND2 is Large Non-Sortable
IND3 is BISS/Small Parts",Fulfillment,Hendricks County,Hendricks County,2008
Indiana,IND4/ UIN1,"710 South Girls School Road, Indianapolis, Indiana, USA, 46231-1132","902,900",June 2011,"Small Sortable
Specialty Text Book Fulfillment Center",Fulfillment,Marion County,Marion County,2011
Indiana,IND5,"800 South Perry Road, Plainfield, Hendricks County, Indiana, USA, 46168-7937","925,800",August 2011,"Large Non-Sortable
Specialty Facility for HazMat merchandise",Fulfillment,Hendricks County,Hendricks County,2011
Indiana,IND7,"9101 Orly Drive, Indianapolis, Indiana, USA, 46241-9605","695,300",September 2016,"Supplemental Fulfillment Center set up inside of an existing Pepsi building near the IND airport. IND7 stows sortable case
transshipped from IXD (cross dock) facilities, and then ships trans-out to nearby FC's (IND1, MKE1, LEX1).",Fulfillment,nan,nan,2016
Indiana,SDF8,"900 Patrol Road, Jeffersonville, Clark County, Indiana, USA, 47130-7761","1,200,000",October 2012,"Specialty Fulfillment Center for Apparel; shoes, watches, and jewelry",Fulfillment,Clark County,Clark County,2012
Indiana,XUSE,"5460 Industial Court Suite 300, Whitestown, Indiana, USA, 46075","624,000",October 2013,Large Non-Sortable,Fulfillment,Boone County,Boone County,2013
Illinois,MDW4,"201 Emerald Drive, Joliet. Illinois. USA, 60433-3281",700.000,October 2016,"Specialty Fulfillment Center for Apparel; shoes, watches. and jewelry",Fulfillment,Will County,Will County,2016
Illinois,STL4,"3050 Gateway Commerce Center Drive South, Edwardsville, Illinois, USA, 62025-2815","717,000",September 2016,Large Non-Sortable,Fulfillment,Madison County,Madison County,2016
Illinois,STL6/ STL7,"3931 Lakeview Corporate Dr, Edwardsville, Illinois, USA, 62025-2801","769,500",September  2016,Small Sortable,Fulfillment,Madison County,Madison County,2016
Illinois,MDW6,"1125 W Remington Blvd, Romeoville, Illinois, USA, 60446- 6529","767,000",October 2016,Large Non-Sortable,Fulfillment,Will County,Will County,2016
Illinois,MDW7,"6521 W. Monee Manhattan Road, Monee, Illinois, USA, 60449-9668",856.600,October 2017,Small Sortable,Fulfillment,Will County,Will County,2017
Illinois,MDW8,"1750 Bridge Drive, Waukegan, Illinois, USA, 60085","626,800",July 2017,Large Non-Sortable,Fulfillment,Lake County,Lake County,2017
Illinois,MDW9,"2806 Duke Parkway, Aurora, Illinois. USA, 60504","1.000,000",Q3 2018,Small Sortable,Fulfillment,DuPage County,DuPage County,2018
Illinois,,"Route 59, Aurora, Illinois, USA, 60504","400,000",2018,Large Non-Sortable,Fulfillment,nan,nan,2018
Kansas,MKC4,"31450 W 196th Street, Gardner (Edgerton), Kansas, USA, 66021","822,100",Q4 2016,"Large Non-Sortable
Inland port facility. Employs 1,000 associates",Fulfillment,Johnson County,Johnson County,2016
Kansas,MKC6,"6925 Riverview Ave., Kansas City, Kansas, USA, 66102-3047","856,000",July 2017,Small Sortable,Fulfillment,Wyandotte County,Wyandotte County,2017
Kansas,MCI7,"27200 West 157th Street, Johnson (New Century), Kansas, USA, 66031","446,500",Q4 2016,,Fulfillment,Johnson County,Johnson County,2016
Kansas,MCI8,"23100 W 43rd Street, Shawnee, Kansas, USA, 66226","80,000",2017,Official announcement not made yet. Role of facility TBD.,Fulfillment,Johnson County,Johnson County,2017
Kentucky,CVG8,"7968 Kentucky Dr, Suites 2-3. Florence, Kentucky, USA, 41042","172,100",July 2015,"Amazon UNO
Specialty : Small and light-weight products",Fulfillment,Boone County,Boone County,2015
Kentucky,CVG1/ PICV,"Bldg. F Park W Intl, 1155 Worldwide Blvd., Hebron, Kentucky, USA, 41048-8648","484,000",June 2005,"Specialty Fulfillment Center Apparel for Endless.com, Myhabit and Amazon Apparel",Fulfillment,Boone County,Boone County,2005
Kentucky,CVG2,"1600 Worldwide Blvd., Hebron, Kentucky, USA, 41048","543,000",December 2005,Non-Sortable and Non-Sortable Returns,Fulfillment,Boone County,Boone County,2005
Kentucky,LEX1/ LEX3,"1850 Mercer Drive, Lexington, Kentucky, USA, 40511","650,000",November 2000,"LEX1: Small Sortable
LEX3: Printing Make on Demand (MOD)",Fulfillment,Fayette County,Fayette County,2000
Kentucky,LEX2,"172 Trade St., Lexington, Kentucky, USA, 40511","380,000",June 2006,Warehouse Deals and Returns Center,Fulfillment,Fayette County,Fayette County,2006
Kentucky,SDF1,"1050 South Columbia Avenue , Campbellsville, Kentucky, USA, 42718-1337","727,000",May 1999,"Large Sortable
Expanded from 570,000 Sq. Ft. in 1999",Fulfillment,Taylor County,Taylor County,1999
Kentucky,SDF2,"4360 Robards Lane, Louisville, Kentucky, USA, 40218","110,000",September 2005,"Specialty FC: High Value watches, and jewelry",Fulfillment,Jefferson County,Jefferson County,2005
Kentucky,SDF4,"376 Zappos.com Blvd, Shepherdsville, Kentucky, USA, 40165","823,000",September 2005,Specialty FC: Apparel /Footwear support Zappos.com,Fulfillment,Bullitt County,Bullitt County,2005
Kentucky,SDF6,"271 Omega Pkwy, Shepherdsville, Kentucky, USA, 40165","118,000",April 2012,Specialty FC: Apparel /Footwear support Zappos.com,Fulfillment,Bullitt County,Bullitt County,2012
Kentucky,SDF7,"300 Omicron Court, Cedar Grove Business Park, Shepherdsville, Kentucky, USA, 40165","281,000",April 2012,Specialty FC: Apparel /Footwear,Fulfillment,nan,nan,2012
Kentucky,SDF9,"100 W. Thomas P. Echols Lane, St. 3, Shepherdsville, Kentucky, USA, 40165-7594","600,000",October 2013,Returns Center Apparel/Footwear,Fulfillment,Bullitt County,Bullitt County,2013
Kentucky,IVSA,"4620 Olympic Blvd, Erlanger, Kentucky, USA, 41018","109,200",August 2015,Specialty Small and Light Products,Fulfillment,nan,nan,2015
Maryland,BWIO/ BWI2,"2010 Broening Highway, Baltimore, Maryland, USA, 21224-6027","1,017,600",March 2015,Small Sortable,Fulfillment,nan,nan,2015
Maryland,"XUSD
XUSM","610 Chelsea Rd, Aberdeen, Maryland, USA, 21001","571,800",October 2016,"Large Non-Sortable
Run by 3PL XPO Logistics",Fulfillment,Harford County,Harford County,2016
Maryland,MDT2,"600 Principio Parkway West, Cecil, North East. Maryland, USA, 21901",1.148.900,September 2017,Large Non-Sortable,Fulfillment,Cecil County,Cecil County,2017
Massachusetts,BOS7,"1180 Innovation Way, Fall River, Massachusetts, USA, 02722- 4766","1,000,000",October 2016,Small Sortable,Fulfillment,Bristol County,Bristol County,2016
Michigan,DTW1,"39000 Amrhein Rd., Livonia. Michigan. USA, 48150",1.009.000,October 2017,Large Non-Sortable,Fulfillment,Wayne County,Wayne County,2017
Michigan,DTW2,"Junction of Wick Road & Vining Road, Romulus, Michigan, USA, 48174","855,000",2018,Small Sortable,Fulfillment,Wayne County,Wayne County,2018
Michigan,DTW3,"23 Mile and Mound Roads, Shelby Township, Michigan, USA, 48316","1,000,000",2018,Large Non-Sortable,Fulfillment,Macomb County,Macomb County,2018
Minnesota,MSP1,"2601 4th Ave E, Shakopee, Minnesota, USA, 55379-1726","820,000",July 2016,"Small Sortable
$220 Million facility 2,000 associates",Fulfillment,Scott County,Scott County,2016
Nevada,LAS2,"3837 Bay Lake Trail, Suite 111, North Las Vegas, Nevada, USA, 89030","283,900",October 2008,Amazon Pantry (FDFC) Return Center,Fulfillment,Clark County,Clark County,2008
Nevada,LASE,"4550 Nexus Way, North Las Vegas, Nevada, USA, 89115","813,100",Summer 2017,Large Non-Sortable,Fulfillment,Clark County,Clark County,2017
Nevada,RNO3,"555 Milan Dr, Sparks, Nevada, USA, 89434",566.900,November 2010,"Diaper.com Fulfillment Center that was owned by Quidsi Inc. which Amazon acquired in November, 2010",Fulfillment,Storey County,Storey County,2010
Nevada,RNO4,"8000 North Virginia Street , Reno, Nevada, USA, 89506","634,000",January 2015,"Large and Small Sortable
Facility replaced the Fernley, Nevada FC",Fulfillment,Washoe County,Washoe County,2015
New Hampshire,BOS1,"10 State Street, Nashua. New Hampshire, USA, 03063","63,800",July 2007,Small Sortable (FDFC),Fulfillment,Hillsborough County,Hillsborough County,2007
New Jersey,EWR4,"50 New Canton Way, Robbinsville, New Jersey, USA, 08691-2350","1,200,000",June 2014,Small Sortable 2500 associates,Fulfillment,Mercer County,Mercer County,2014
New Jersey,EWR8,"698 Route 46 West, Teterboro. New Jersey, USA, 07608",617.000,June 2017,Large Non-Sortable,Fulfillment,Bergen County,Bergen County,2017
New Jersey,"LGA6/
EWR9","8003 Industrial Ave, Building A, Carteret, New Jersey, USA, 07008-3529","1,064,500",August 2016,"Small Sortable
Formerly a Wakefern Distribution Center",Fulfillment,Middlesex County,Middlesex County,2016
New Jersey,LGA9,"2170 State Route 27, Edison. New Jersey, USA, 08817-3332",923.000,Q4 2017,Small Sortable,Fulfillment,Middlesex County,Middlesex County,2017
New Jersey,TEB6,"22 Hightstown-Cranbury Station Road, Cranbury Township, New Jersey, USA, 08512","930,000",Q2 2017,Large Non-Sortable,Fulfillment,Middlesex County,Middlesex County,2017
New Jersey,TEB3,"2651 Oldmans Creek Rd, Swedesboro, Logan Township, New Jersey, USA, 08085","1,181,200",Q2 2017,Large Non-Sortable,Fulfillment,Gloucester County,Gloucester County,2017
New York,,"656 Gulf Ave, Staten Island, New York, USA, 10314","855,000",Q3 2018,Small Sortable,Fulfillment,Richmond County,Richmond County,2018
North Carolina,CLT2,"Macedonia Church Road. Kannapolis, North Carolina. USA, 28027","1,000,000",2019,Large Non-Sortable,Fulfillment,Cabarrus County,Cabarrus County,2019
Ohio,CMH1/ CMHO,"11903 National Rd SW, Etna, Ohio, USA, 43062-7793","855000
,",September 2016,"Small Sortable; Specialty Small and Light 3000 associates
Investment $90 Million",Fulfillment,Licking County,Licking County,2016
Ohio,CMH2,"6050 Gateway Court, Obetz, Ohio, USA, 43125","1,000,000",December 2016,"Large Sortable
New FC announced for Ohio. 500 associates",Fulfillment,Franklin County,Franklin County,2016
Ohio,CLE1,"20801 N Miles Rd, North Randall, Cleveland, Ohio, USA, 44128","855,000",Q2 2018,"Small Sortable
New FC for Ohio to be confirmed by Amazon",Fulfillment,Cuyahoga County,Cuyahoga County,2018
Ohio,,"Monroe, Ohio, USA, 45036","1,000.000",2018,"Large Non-Sortable
No ETA date announced yet",Fulfillment,Butler County,Butler County,2018
Oregon,PDX1,"NW Swigert Way, Troutdale Reynolds Industrial Park, Troutdale, Oregon, USA, 97060","855,000",July 2018,"Small Sortable
No ETA date announced yet",Fulfillment,nan,nan,2018
Oregon,PD X2,"4775 Depot Court, Salem, Oregon, USA, 97317","1,000,000",July 2018,"Large Non-Sortable
No ETA date announced yet",Fulfillment,Marion County,Marion County,2018
Oregon,PDX3,"Portland, Oregon, USA, 97060","1,000,000",2018,"Large Non-Sortable
No ETA date announced yet",Fulfillment,Multnomah County,Multnomah County,2018
Pennsylvania,"ABE1/
ABE2","705 Boulder Drive, Breinigsville, Pennsylvania, USA, 18031",600.000,July 2010,Large Sortable,Fulfillment,Lehigh County,Lehigh County,2010
Pennsylvania,ABE3,"650 Boulder Drive , Breinigsville, Pennsylvania, USA, 18031-1536","483,000",June 2011,Small Sortable (Books & Printed Media),Fulfillment,Lehigh County,Lehigh County,2011
Pennsylvania,AVP2/ AVP3,"298 1st Avenue, Gouldsboro, Pennsylvania, USA, 18424-9464","1,250,000",November 2010 ,"Diaper.com Fulfillment Center that was owned by Quidsi Inc. which Amazon acquired in November, 2010",Fulfillment,nan,nan,2010
Pennsylvania,PHL4,"21 Roadway Drive, Carlisle, Pennsylvania, USA, 17015","558,700",September 2010,Large Non-Sortable,Fulfillment,Cumberland County,Cumberland County,2010
Pennsylvania,PHLS,"500 McCarthy Dr., Lewisberry, Pennsylvania, USA, 17339-8725","750,000",August 2010,Large Non-Sortable,Fulfillment,York County,York County,2010
Pennsylvania,PHL6,"675 Allen Rd. , Carlisle, Pennsylvania, USA, 17015-7788","1,206,500",August 2010,Large Non-Sortable,Fulfillment,Cumberland County,Cumberland County,2010
Pennsylvania,ABES,"6455 Allentown Boulevard, Harrisburg, Pennsylvania, USA, 17112","200,000",2014,Large Non-Sortable 3PL NFI Industries,Fulfillment,Dauphin County,Dauphin County,2014
Pennsylvania,XUSC,"40 Logistics Drive, Carlisle, Pennsylvania, USA, 17013","421,200",May 2013,"Large Non-Sortable (e.g. fishing rods, canoes, etc.)",Fulfillment,Cumberland County,Cumberland County,2013
Pennsylvania,XUSG,"9645 West Hills Ct, Kutztown, Pennsylvania. USA, 19530-8644","413,800",May 2014,Large Non-Sortable 3PL NFI Industries,Fulfillment,Lehigh County,Lehigh County,2014
Pennsylvania,MDT1,"2 Ames Drive, Building #2, Carlisle, Pennsylvania, USA, 17015","700,000",January 2015,Large Non-Sortable,Fulfillment,Cumberland County,Cumberland County,2015
Pennsylvania,ABE4,"1610 Van Buren Road, Easton, Pennsylvania, USA, 18045-7807","1,106,400",November 2016,Large Sortable,Fulfillment,Northampton County,Northampton County,2016
Pennsylvania,AVP8,"250 Enterprise Way, Pittston, Pennsylvania, USA, 18640-5000","399,500",November 2016,Replaces AVP6 which was closed in July 2016. Supplemental Fulfillment Center.,Fulfillment,Luzerne County,Luzerne County,2016
South Carolina,CAE1,"4400 12 Street Extension, West Columbia (Cayce), South Carolina, USA, 29172-3300","1,250,000",October 2011,Small Sortable,Fulfillment,Lexington County,Lexington County,2011
South Carolina,CAE3,"222 Old Wire Rd, West Columbia, South Carolina, USA, 29172-2862","120,000",February 2017,"Printing Make on Demand (MOD): Books, CDs, DVDs. Replaces the N. Charleston Facility CHS1 which was closed in Feb 2017",Fulfillment,Lexington County,Lexington County,2017
South Carolina,GSP1,"402 John Dodd Rd, Spartanburg. South Carolina, USA, 29303- 6312","1,016,100",September 2012,Large Non-Sortable,Fulfillment,Spartanburg County,Spartanburg County,2012
Tennessee,BNA1,"14840 Central Pike, Suite 190, Lebanon, Tennessee, USA, 37090-8119","449,000",September 2011,Large Non-Sortable,Fulfillment,Wilson County,Wilson County,2011
Tennessee,BNA2,"500 Duke Dr, Lebanon, Tennessee, USA, 37087-8123","1,200,000",February 2013,Large Non-Sortable,Fulfillment,Wilson County,Wilson County,2013
Tennessee,BNA3,"2020 Joe B Jackson Pkwy, Murfreesboro, Tennessee, USA, 37127-7792","1,000,000",September 2012,Large Sortable,Fulfillment,Rutherford County,Rutherford County,2012
Tennessee,CHA1,"7200 Discovery Drive, Chattanooga, Tennessee, USA, 37416-1749","1,020,000",September 2011,Large Sortable,Fulfillment,Hamilton County,Hamilton County,2011
Tennessee,CHA2,"225 Infinity Dr NW, Charleston, Tennessee, USA, 37310-1400","1,200,000",September 2011,"Large Non-Sortable (e.g. coffee makers, lawn tractors, barbecue grills, and water heaters along with bulk items)",Fulfillment,Bradley County,Bradley County,2011
Texas,DFW6,"940 W. Bethel Road , Coppell. Texas, USA. 75019-4424","1,000,000",October 2013,"Large Non-Sortable (televisions, furniture and electronics)",Fulfillment,Dallas County,Dallas County,2013
Texas,DFW7,"700 Westport Parkway, (Haslet) Fort Worth, Texas, USA, 76177- 4513","1,100,000",October 2013,"Small Sortable (Ships smaller items like books, small electronics and DVDs) Facility budgeted at $100 Million.",Fulfillment,Tarrant County,Tarrant County,2013
Texas,FTW3/ FIVV4,"15201 Heritage Parkway, Fort Worth, Texas, USA, 76177-2517","1,000,000",2016,"FTW3 is the VNA side of the FC
FTW4 is the robotics side (AR=Amazon Robotics) Small Sortable FC",Fulfillment,Denton County,Denton County,2016
Texas,XUSG,"14900 Frye Road, Fort Worth, Texas, USA, 76155","495,000",July 2014,"Large Non-Sortable (e.g. canoes, fishing rods)
Fulfillment center is outsourced to 3PL Menlo Logistics",Fulfillment,Tarrant County,Tarrant County,2014
Texas,SAT1,"6000 Enterprise Avenue, Schertz, Texas, USA, 78154- 1461","1,260,000",Fall 2013,"Large Non-Sortable
Schertz is nearby San Antonio, TX. Facility Investment $166 Million.",Fulfillment,Guadalupe County,Guadalupe County,2013
Texas,SAT2,"1401 East McCarty Lane, San Marcos, Texas, USA, 78666- 8969","855,000",September 2016,"Small Sortable
Facility Investment $190 Million",Fulfillment,Hays County,Hays County,2016
Texas,HOU2,"10550 Ella Street, Houston. Texas, USA, 77038-2324","855,000",Q4 2017,Small Sortable,Fulfillment,Harris County,Harris County,2017
Texas,HOU3,"Woods Road and Interstate 10, Katy, Texas, USA, 77423","1,000,000",2018,Large Non-Sortable,Fulfillment,Harris County,Harris County,2018
Texas,FTW2,"2701 W. Bethel Road. Coppell. Texas. USA, 75261-4015",1.000.000,October 2016,Large Non-Sortable,Fulfillment,Dallas County,Dallas County,2016
Texas,FTW7,"944 W. Sandy Lake Road, Coppell, Texas, USA, 75019","604,800",November 2017,Large Non-Sortable,Fulfillment,Dallas County,Dallas County,2017
Texas,FTW8,"3351 Balmorhea Dr. Dallas, Texas, USA, 75241",500.000,November 2017,Supplemental Fulfillment Center Sq Ft an Estimate Only,Fulfillment,Dallas County,Dallas County,2017
Utah,SLC1,"777 N. 5600 West, Salt Lake City, Utah, USA, 84116","855,000",2018,"Sortable
1,000 associates to be hired",Fulfillment,Salt Lake County,Salt Lake County,2018
Virginia,RIC1,"5000 Commerce Way, Petersburg, Virginia, USA, 23803 6917","1,100,000",October 2012,"Large Non-Sortable
Ships larger packages that range from electronics and sports equipment to small kitchen appliances and toys
1,000 associates",Fulfillment,Dinwiddie County,Dinwiddie County,2012
Virginia,RIC2,"1901 Meadowdle Technology Parkway, Chesterfield, Virginia, USA, 23836-2841","1,200,000",October 2012,"Small Sortable
Ships auto parts, consumer electronics, office supplies, books, etc.",Fulfillment,Chesterfield County,Chesterfield County,2012
Virginia,,"281 Woodbine RoadClear Brook, Virginia, USA, 22624","1,061,000",2018,"Large Non-Sortable
Ships larger packages that range from electronics and sports equipment to small kitchen appliances and toys
1.000 associates",Fulfillment,Frederick County,Frederick County,2018
Washington,BFI1/ BFIX,"1800 140th Avenue E., Sumner, Washington, USA, 98390-9624","492,000",June 2011,"BFI1 is Small Sortable
BFIX is Research & Development",Fulfillment,Pierce County,Pierce County,2011
Washington,BFI3,"2700 Center Drive, DuPont, Washington, USA, 98327-9607","1000,000
,",February 2015,"Large Non-Sortable
(Ships larger items such as canoes and televisions.
Includes KIVA automation
Facility cost $100 Million",Fulfillment,Pierce County,Pierce County,2015
Washington,BFI4,"21005 64th Ave. S, Kent, Washington, USA, 98032-2423","885,000",March 2016,"Small Sortable (books, electronics and consumer goods)",Fulfillment,King County,King County,2016
Wisconsin,MKE1/ MKE7,"3501 120th Ave, Kenosha, Wisconsin, USA, 53144-7502","1,000,000",June 2015,"MKE1 is a Small / Large Sortable facility that employs up to 3400 people. Facility includes a Textbook Rental Processing Center. $155 Million investment. MKE7 is a
future facility that may be in a different location.",Fulfillment,Kenosha County,Kenosha County,2015
California,ONT8,"24300 Nandina Ave, Moreno Valley, California, USA, 92553","769,300",August 2014,Inbound Cross Dock (IXD),Crossdock,Riverside County,Riverside County,2014
Illinois,MDW2,"250 Emerald Drive/401 E. Layaway Rd, Joliet, Illinois, USA, 60433-9462","475,100",October 2015,Inbound Cross Dock (IXD),Crossdock,nan,nan,2015
Kentucky,CVG3,"3680 Langley Dr., Hebron, Kentucky, USA, 41048","711,400",July 2007,Inbound Cross Dock (IXD),Crossdock,Boone County,Boone County,2007
New Jersey,ABE8/ TTN1,"309 Cedar Lane, Florence, New Jersey, USA, 08518-2802","613,900",September 2016,Inbound Cross Dock (IXD),Crossdock,Burlington County,Burlington County,2016
North Carolina,CLT2,"10240 Old Dowd Road, Mecklenburg, Charlotte, North Carolina, USA, 28214-8082","397,800",October 2016,"Inbound Cross Dock (IXD)
Amazon Prime Air Service Network",Crossdock,Mecklenburg County,Mecklenburg County,2016
Pennsylvania,AVP1,"550 Oak Ridge Road, Hazleton, Pennsylvania, USA, 18202-9361","615,600",July 2008,Inbound Cross Dock (IXD),Crossdock,Luzerne County,Luzerne County,2008
Texas,FTW1,"33333 Lyndon B Johnson Freeway , Dallas, Texas, USA, 75241-7203","500,000",October 2015,Inbound Cross Dock (IXD),Crossdock,Dallas County,Dallas County,2015
Arizona,UAZ1/ DPX1,"500 S 48th St, Phoenix, Arizona, USA, 85034","59,900",May 2015,Prime Now Hub/Delivery Station for Phoenix,Now,Maricopa County,Maricopa County,2015
California,UCA1,"888 Tennessee Street, San Francisco, California, USA, 94112","39,000",October 2016,Prime Now Hub for San Francisco,Now,San Francisco County,San Francisco County,2016
California,UCA2,"2400 Marine Ave, Redondo Beach, California, USA, 90278","50,000",2015,Prime Now Hub for Los Angeles,Now,Los Angeles County,Los Angeles County,2015
California,UCA3,"11800 W Olympic Blvd, Santa Monica. California, USA, 90064- 1100","28,800",September-15,Prime Now Hub for Santa Monica,Now,Los Angeles County,Los Angeles County,
California,UCA4,"2006 McGaw Ave, Irvine, California, USA, 92614","45,300",2015,"Prime Now Hub for Irvine, CA",Now,Orange County,Orange County,2015
California,UCAS,"Near South Vermont Ave & Wilshire Blvd, Silver Lake, California. USA, 90065",-,2015,Prime Now Hub for North Los Angeles,Now,Los Angeles County,Los Angeles County,2015
California,UCA6,"2727 Kurtz St, San Diego, California, USA, 92110","37,800",2015,Prime Now Hub for San Diego,Now,San Diego County,San Diego County,2015
California,UCA7,"222 Commercial Street, Sunnyvale, California, USA, 94085-4508","24,000",2015,Prime Now Hub for San Jose,Now,Santa Clara County,Santa Clara County,2015
California,UCA8,"3100 San Pablo Ave. Ste 120, West Berkley, California, USA, 94702","21,000",2015,Prime Now Hub for Oakland,Now,Alameda County,Alameda County,2015
California,UCA9,"2934 Ramona Avenue, Sacramento, California, USA, 95826-3813","20,000",April 2016,Prime Now Hub for Sacramento,Now,Sacramento County,Sacramento County,2016
California,HCA3,"3334 North San Fernando Road, Building E, Los Angeles, California, USA, 90065-1417","58,900",September-15,Prime Now Hub for North Los Angeles,Now,Los Angeles County,Los Angeles County,
California,,"2403 W. Louise Ave., Manteca. California, USA, 95337",91.100,2017,"Prime Now Hub/Delivery Station for Stockton. Modesto, and Tracy",Now,San Joaquin County,San Joaquin County,2017
Colorado,UCO1,"19799 E. 36th Avenue, Majestic Commercenter Building #29, Aurora, Colorado, USA, 80011- 8189",,June 2016,"Prime Now Hub for Denver
Located within Sortation Center DENS",Now,nan,nan,2016
Colorado,UCO2,"3550 Frontier Ave., Boulder. Colorado, USA, 80301","19,000",2017,Prime Now Hub for Boulder (Assumed),Now,Boulder County,Boulder County,2017
Florida,UFL1/ DMII,"15600 NW 15th Ave, Miami Gardens, Florida, USA, 33169","37,400",October 2014,Prime Now Hub for Miami,Now,Miami-Dade County,Miami-Dade County,2014
Florida,UFL2,"101 NE 23rd Street, Miami, Florida, USA, 33137","50,000",April 2016,Prime Now Hub for Miami,Now,Miami-Dade County,Miami-Dade County,2016
Florida,UFL3,"4440 East Adamo Drive, Suite 305, Tampa, Florida, USA, 33605","30,000",February 2016,Prime Now Hub for Tampa Bay,Now,Hillsborough County,Hillsborough County,2016
Florida,UFL4,"7469 Kingspointe Parkway, Orlando, Florida, USA, 32819","96,000",May 2016,Prime Now Hub for Orlando,Now,Orange County,Orange County,2016
Georgia,"UGA1/
UGA2","2302 Marietta Boulevard, Atlanta, Georgia, USA, 30318","43,900",February 2016,Prime Now Hub for Atlanta,Now,Fulton County,Fulton County,2016
Georgia,UGA3,"2160 Breckenridge Blvd Suite 100, Lawrenceville, Georgia, USA, 30043","55,400",March 2016,Prime Now Hub for Atlanta,Now,Gwinnett County,Gwinnett County,2016
Illinois,UIL1,"1111 N. Cherry Ave., Chicago, Illinois, USA, 60642","52,000",July 2015,Prime Now Hub for Chicago,Now,Cook County,Cook County,2015
Illinois,UIL2,"1250 N. Mittel Blvd, Wood Dale, Illinois, USA, 60191",-,July 2016,Prime Now Hub for Chicago Co-located in ORD6,Now,DuPage County,DuPage County,2016
Indiana,UIN1,"710 South Girls School Road, Indianapolis, Indiana, USA, 46231-1132",-,July 2015,Prime Now Hub for Indianapolis Co-located in IND4,Now,Marion County,Marion County,2015
Maryland,UMD1,"5001 Holabird Ave., Baltimore, Maryland, USA, 21224-6026",-,March 2015,Prime Now Hub for Baltimore Co-located in BWIS,Now,nan,nan,2015
Massachusetts,UMA3,"30 Northampton Street, Boston, Massachusetts, USA, 02118","72,300",2015,Prime Now Hub for Boston,Now,Suffolk County,Suffolk County,2015
Michigan,UMI1,"Building 9, 19991 Brownstown Center Drive, Trenton, Michigan, USA 48183",-,,Prime Now Hub for Detroit Co-located in Sortation Center DTWS,Now,Wayne County,Wayne County,
Minnesota,UMN1,"763 Kasota Ave., Minneapolis, Minnesota, USA, 55414","35,000",October 2015,Prime Now Hub for Minneapolis/St Paul,Now,Hennepin County,Hennepin County,2015
Nevada,UNV1,"3650 East Post Road, Suite E, Las Vegas, Nevada, USA, 89120. 6297","16,300",October 2015,Prime Now Hub for Las Vegas,Now,Clark County,Clark County,2015
New York,JFK7,"7 W. 34th St., New York, New York, USA, 10001-8100","40,000",December 2014,Prime Now Hub for Manhattan,Now,New York County,New York County,2014
New York,,"850 Third Ave., Liberty View Industrial Plaza, Brooklyn, New York, USA. 11232",-,December 2015,Prime Now Hub for Brooklyn,Now,Kings County,Kings County,2015
New Jersey,UNJ1,"940 Monroe Street, Hoboken, New Jersey, USA, 07030","120,000",2015,Prime Now Hub for New Jersey,Now,Hudson County,Hudson County,2015
North Carolina,UNC1,"300 Dalton Avenue, Charlotte, North Carolina, USA, 28206-3118","33,900",December 2015,Prime Now Hub for Charlotte,Now,Mecklenburg County,Mecklenburg County,2015
North Carolina,UNC2,"3200 Bush Street, Raleigh, North Carolina, USA, 27609-7503","30,000",February 2016,Prime Now Hub for Raleigh,Now,Wake County,Wake County,2016
Ohio,U0H1,"5845 Highland Ridge Drive, Cincinnati, Ohio, USA, 45232","58,000",February 2016,me Now Hub for Cincinnati Prime,Now,Hamilton County,Hamilton County,2016
Ohio,U0H2,"3563 Interchange Road, Columbus, Ohio, USA, 43204","45,700",February 2016,"Prime Now Hub for Columbus, OH",Now,Franklin County,Franklin County,2016
Oregon,UOR1,"2250 Northwest 22nd Avenue. Portland, Oregon, USA, 97210",-,August 2015,Prime Now Hub for Portland. OR,Now,Multnomah County,Multnomah County,2015
Pennsylvania,UPA1,"4101 Sansom Street, Philadelphia, Pennsylvania, USA, 19104-3021","35,000",2015,Prime Now Hub for Philadelphia,Now,Philadelphia County,Philadelphia County,2015
Tennessee,UTN1,"410 Harding Industrial Drive, Nashville, Tennessee, USA, 37211",60.000,2015,Prime Now Hub for Nashville,Now,Davidson County,Davidson County,2015
Texas,UTX1,"2700 Regent Blvd, Irving, Texas, USA, 75063",-,2015,Prime Now Hub for Dallas. TX,Now,Dallas County,Dallas County,2015
Texas,UTX2,"2209 B Rutland Rd, Austin, Texas, USA, 78758",45.000,2015,Prime Now Hub for Austin TX,Now,Travis County,Travis County,2015
Texas,UTX3/ HTX1/ HTX2/ MO,"4221 Way Out West Drive, Houston, Texas, USA, 77092","88,000",October 2015,"Prime Now Hub for Houston, TX",Now,Harris County,Harris County,2015
Texas,UTX4/ TrX4,"6627 Maple Avenue, Dallas. Texas, USA, 75235","42,600",2016,"Prime Now Hub for Fort Worth, TX",Now,Dallas County,Dallas County,2016
Texas,UTX5,"4848 Perrin Creek, Suite 680, San Antonio, Texas, USA, 78217","24,800",November 2015,Prime Now Hub for San Antonio TX,Now,Bexar County,Bexar County,2015
Texas,"UTX7/
DDA3","4601 Gold Spike Drive, Fort Worth. Texas. USA, 76106",-,October 2016,Prime Now Hub for Fort Worth. TX Co-located in DDA3,Now,Tarrant County,Tarrant County,2016
Virginia,UVA1/ DDC1,"5617 Industrial Dr, Suite A, Springfield, Virginia, USA, 22151- 4410",-,2015,Prime Now Hub for Washington DC Co-located in BWI6,Now,Fairfax County,Fairfax County,2015
Virginia,UVA2,"804 Greenbrier Circle, Chesapeake, Virginia, USA, 23320","18,300",February 2016,Prime Now Hub for Chesapeake VA,Now,nan,nan,2016
Virginia,UVA3,"2034 Dabney Road, Richmond. Virginia, USA, 23230","11,900",November 2015,"Prime Now Hub for Richmond, VA",Now,Henrico County,Henrico County,2015
Washington,UWA1/ HWA1/ HWA2,"11710 118th Ave. N.E. , Building B, Kirkland, Washington, USA, 98034","38,300",2015,Prime Now Hub for Seattle WA,Now,King County,King County,2015
Washington,"uwA2f
TVVAO","13537 Aurora Ave. N., North Seattle, Washington, USA, 98133","38,400",2015,Prime Now Hub for Seattle WA,Now,King County,King County,2015
Washington,UWA3,"2121 8th Ave., Seattle , Washington, USA, 98121",18.900,2015,Prime Now Hub for Seattle WA,Now,King County,King County,2015
Washington,UWA4/ FSE3,"76 S Lander St., Seattle , Washington, USA, 98134","40,000",October 2016,Prime Now Hub for Seattle WA,Now,King County,King County,2016
Washington,UWAS,"1926 6th Ave. S., Seattle , Washington, USA, 98134","17,500",January 2016,me Now Hub for Seattle WA Prime,Now,King County,King County,2016
Wisconsin,UWI1,"4111 W Mitchell St, Milwaukee, Wisconsin, USA, 53215","60800
,",March 2017,"Prime Now Hub for Milwaukee, WI Also Amazon.Fresh facility",Now,Milwaukee County,Milwaukee County,2017
Alabama,MOBS,"6735 Trippel Road, Theodore, Alabama, USA, 36619","362,000",October 2017,"Sortation Center for Mobile, AL",Sortation,Mobile County,Mobile County,2017
Arizona,PHX8,"800 N. 75th Ave, Phoenix. Arizona. USA, 85043-3101",-,October 2010,PHX8 Square Feet is included within PHX7,Sortation,Maricopa County,Maricopa County,2010
California,OAKS,"38811 Cherry Street, Newark, California, USA, 94560-4939","574,600",November 2014,"OAKS is a Sortation Center to service the San Francisco Bay area.
Facility includes OAK7 (Amazon Pantry) 200 associates",Sortation,Alameda County,Alameda County,2014
California,ONTS,"2020 E. Central Ave., San Bernardino, California, USA, 92408-2606",-,October 2013,Sortation Center for the Los Angeles region,Sortation,San Bernardino County,San Bernardino County,2013
California,LAXS,"6400 Valley View Street, Bueno Park, California, USA, 90620","238,300",Q3 2017,Sortation Center for the Los Angeles region,Sortation,Orange County,Orange County,2017
California,SMFS,"300 Crocker Drive, Vacaville, California. USA. 95688","322
322.000
.",Q4 2017,Sortation Center for the Sacramento/Oakland region,Sortation,Solano County,Solano County,2017
California,,"Airport Hub Sortation Center, Sacramento, California, USA",40.000,Q4 2017,Air Sortation Hub for Sacramento,Sortation,nan,nan,2017
Colorado,DENS,"19799 E. 36th Avenue, Majestic Commercenter Building #29, Aurora, Colorado, USA, 80011- 8189","452,400",June 2016,Sortation Center and Delivery Station for Denver Colorado,Sortation,nan,nan,2016
Connecticut,BDLS,"29 Research Parkway, Wallingford, Connecticut, USA, 06492-1927","184,100",Q4 2015,Sortation Center for Windsor CT Market,Sortation,New Haven County,New Haven County,2015
Florida,MCO5,"305 Deen Still Road , Davenport, Florida, USA, 33897-9409","270,000",July 2014,Sortation Center for Tampa Bay & Lakeland Markets,Sortation,Polk County,Polk County,2014
Florida,MIAS,"1900 NW 132nd Place , Miami (Doral), Florida, USA, 33182- 1920","335,800",October 2014,Sortation Center for Miami 300 associates,Sortation,Miami-Dade County,Miami-Dade County,2014
Florida,JARS,"4948 Bulls Bay Highway, Jacksonville, Florida, USA, 32219","237,100",September 2017,Sortation Center for Jacksonville Market,Sortation,Duval County,Duval County,2017
Georgia,ATLS,"4200 North Commerce Dr, East Point, Georgia, USA, 30344- 5707",-,March 2014,"ATLS is a Sortation Center for the Atlanta Market;
Co-located in ATL6",Sortation,Fulton County,Fulton County,2014
Illinois,MDW5,"16824 Enterprise Blvd., Crest Hill, Illinois. USA. 60435","438,200",October 2017,Sortation Center for SW Chicago Market,Sortation,Will County,Will County,2017
Kansas,MCIS,"16851 W 113th St, Lenexa Logistics Center, Lenexa, Kansas, USA, 66219","260,700",2014,Sortation Center for Kansas Market,Sortation,Johnson County,Johnson County,2014
Kentucky,CVGS/ CVG7,"2285 Litton Lane, Hebron, Kentucky, USA, 41048-8435","598,000",September 2013,CVGS is a Super Sortation Center CVG7 is Amazon Pantry,Sortation,Boone County,Boone County,2013
Kentucky,CVG9,"2305 Litton Lane, Hebron, Kentucky, USA, 41048-8435","598,000",Q4 2017,CVG9 is Likely a Sortation Center,Sortation,Boone County,Boone County,2017
Kentucky,,"Airport Hub Sortation Center. Hebron, Kentucky, USA,","3,350,000",October 2018,"New AirHub being constructed.
Will include a 3 million-square-foot sorting facility and space for 100 cargo jets.
Will create 2700 jobs over time.",Sortation,nan,nan,2018
Maryland,BWI5/ UMD1,"5001 Holabird Ave., Baltimore, Maryland, USA, 21224-6026","345,000",October 2014,Sortation Center connected by conveyor to the BWI2 Fulfillment Center,Sortation,nan,nan,2014
Massachusetts,BOSS,"1000 Technology Center Drive, Stoughton, Massachusetts, USA, 02072-4744","332,700",November 2014,Sortation Center for Boston Market,Sortation,Norfolk County,Norfolk County,2014
Michigan,DTVV5/ UMI1,"Brownstown Business Center South, Building 9, 19991 Brownstown Center Drive, Trenton, Michigan, USA, 48183","210,000",Q4 2015,Sortation Center for Detroit Market,Sortation,Wayne County,Wayne County,2015
Minnesota,MSP5,"5825 11th Ave. East, Shakopee, Minnesota. USA, 55379-3810",162.000,August 2015,Sortation Center for Minneapolis Market,Sortation,Scott County,Scott County,2015
Missouri,STLS,"Building 3, 462 Hazelwood Logistics Center Drive, Hazelwood, Missouri, USA, 63042","348,500",Q3 2017,Sortation Center for St. Louis Market,Sortation,St. Louis County,St. Louis County,2017
New Jersey,ACY5,"2277 Center Square Rd , Swedesboro, Logan Township, New Jersey. USA. 08085","202,900",October 2014,Sortation Center for New Jersey Market,Sortation,Gloucester County,Gloucester County,2014
New Jersey,EWRS,"301 Blair Road #100, Woodbridge (Avenel), New Jersey, USA, 07001-2225","562,200",September 2013,Sortation Center and Returns Center,Sortation,Middlesex County,Middlesex County,2013
New York,BUFS,"4201 Walden Avenue, Lancaster, New York, USA, 14086","525,000",Q4 2017,Sortation Center for Buffalo/Rochester Area,Sortation,Erie County,Erie County,2017
North Carolina,CLT5/ CLT1,"1745 Derita Rd, Concord, North Carolina, USA, 28027-3353","222500
,",November 2014,Sortation Center for Charlotte 360 associates,Sortation,Cabarrus County,Cabarrus County,2014
North Carolina,RDUS,"1805 TVV Alexander Drive, Durham, North Carolina, USA, 27703-8389","324,500",October 2016,Sortation Center for Raleigh/Durham,Sortation,Durham County,Durham County,2016
Ohio,CLES,"8685 Independence Parkway, Twinsburg, Ohio, USA, 44087- 1971","248,000",2016,Sortation Center for Cleveland 300 associates,Sortation,Summit County,Summit County,2016
Ohio,,"Monroe, Ohio, USA, 45036",300.000,2018,We believe this to be a Sortation Center for the Cincinnati Area,Sortation,Butler County,Butler County,2018
Oklahoma,OKCS,"1414 S. Council Road, Oklahoma City, Oklahoma, USA, 73128","300,000",2018,Sortation Center for Oklahoma City Area,Sortation,Oklahoma County,Oklahoma County,2018
Oregon,PDXS,"5647 NW Huffman Street, Washington, Hillsboro, Oregon, USA. 97124-5848","303,000",2016,"Sortation Center for Portland, OR",Sortation,Washington County,Washington County,2016
Pennsylvania,PITS/ PIT1,"2250 Roswell Drive, Pittsburgh, Pennsylvania, USA, 15205-1800","250,000",2015,Sortation Center for Pittsburg,Sortation,Allegheny County,Allegheny County,2015
Tennessee,BNA5/ BNA4,"50 Airways Blvd. , Nashville, Tennessee. USA. 37217-2516",214.000,September 2014,Sortation Center for Nashville,Sortation,Davidson County,Davidson County,2014
Texas,DFW8/ DFW9/ UTX1,"2700 Regent Blvd, Irving, Texas, USA, 75063","428,500",March 2014,"DFW8:Sortation Center for Dallas/Fort Worth
DFW9:Amazon Prime Pantry",Sortation,Dallas County,Dallas County,2014
Texas,HOU1,"8120 Humble Westfield Rd, Humble, Texas, USA, 77338- 4142","240,000",June 2014,Sortation Center for Houston Market,Sortation,Harris County,Harris County,2014
Texas,SATS,"1410 S. Callaghan Road, Bexar, San Antonio, Texas, USA, 78227 2204","193,900",November 2015,Sortation Center for San Antonio Market,Sortation,Bexar County,Bexar County,2015
Virginia,RIC3,"1901 Meadovvville Technology Parkway, Chesterfield, Virginia, USA, 23836-2841",-,October 2012,Sortation Center for Richmond Market Co-located within RIC2 FC,Sortation,Chesterfield County,Chesterfield County,2012
Virginia,RIGS,"11600 N. Lakeridge Parkway, Ashland, Virginia, USA, 23005","328,100",September 2017,Sortation Center for Richmond Market,Sortation,Hanover County,Hanover County,2017
Washington,BFI5,"20529 59th Place South, Building B, Kent, Washington, USA, 98032",318.200,July 2014,Sortation Center for Seattle Market,Sortation,King County,King County,2014
Wisconsin,MKES,"11211 Burlington Road, Kenosha, Wisconsin, USA, 53144-7449","500,000",October 2014,Sortation Center for Milwaukee Market 500 people employed,Sortation,Kenosha County,Kenosha County,2014
