,,Code,Include in Amazon Dataset,Years,Current Senior Most Rating*,Tax Backed Rating Description,State,Population (ACS Data),Per Capita Income  (ACS Data),Median Family Income  (ACS Data),Median Home Value (ACS Data),Median Gross Rent (ACS Data),Occupied Housing Units (ACS Data),Seasonal Homes (ACS Data),No. Persons/Household (ACS Data),Median Age (ACS Data),% Below Poverty Level (ACS Data)
Median,Median,#N/A,,2017,N/A,N/A,N/A,N/A,N/A,N/A,N/A,N/A,N/A,N/A,N/A,N/A,N/A
,Median,#N/A,,2016,N/A,N/A,N/A,N/A,N/A,N/A,N/A,N/A,N/A,N/A,N/A,N/A,N/A
,Median,#N/A,,2015,N/A,N/A,N/A,"25,783","23,499","56,136","110,100",648,"9,800",433,3,41,16
,Median,#N/A,,2014,N/A,N/A,N/A,"25,801","23,262","55,624","107,600",644,"9,786",428,3,41,16
,Median,#N/A,,2013,N/A,N/A,N/A,"25,830","22,844","54,630","106,600",630,"9,781",415,3,41,16
,Median,#N/A,,2012,N/A,N/A,N/A,"25,840","22,542","54,191","105,700",618,"9,825",418,3,40,16
,Median,#N/A,,2011,N/A,N/A,N/A,N/A,N/A,N/A,N/A,N/A,N/A,N/A,N/A,N/A,N/A
,Median,#N/A,,2010,N/A,N/A,N/A,N/A,N/A,N/A,N/A,N/A,N/A,N/A,N/A,N/A,N/A
,Median,#N/A,,2009,N/A,N/A,N/A,N/A,N/A,N/A,N/A,N/A,N/A,N/A,N/A,N/A,N/A
,Median,#N/A,,2008,N/A,N/A,N/A,N/A,N/A,N/A,N/A,N/A,N/A,N/A,N/A,N/A,N/A
,Median,#N/A,,2007,N/A,N/A,N/A,N/A,N/A,N/A,N/A,N/A,N/A,N/A,N/A,N/A,N/A
,Median,#N/A,,2006,N/A,N/A,N/A,N/A,N/A,N/A,N/A,N/A,N/A,N/A,N/A,N/A,N/A
,Median,#N/A,,2005,N/A,N/A,N/A,N/A,N/A,N/A,N/A,N/A,N/A,N/A,N/A,N/A,N/A
,Median,#N/A,,2004,N/A,N/A,N/A,N/A,N/A,N/A,N/A,N/A,N/A,N/A,N/A,N/A,N/A
,Median,#N/A,,2003,N/A,N/A,N/A,N/A,N/A,N/A,N/A,N/A,N/A,N/A,N/A,N/A,N/A
,Median,#N/A,,2002,N/A,N/A,N/A,N/A,N/A,N/A,N/A,N/A,N/A,N/A,N/A,N/A,N/A
,Median,#N/A,,2001,N/A,N/A,N/A,N/A,N/A,N/A,N/A,N/A,N/A,N/A,N/A,N/A,N/A
"Abbeville County, SC","Abbeville County, SC",2273,#VALUE!,2017,N/A,N/A,SC,N/A,N/A,N/A,N/A,N/A,N/A,N/A,N/A,N/A,N/A
,"Abbeville County, SC",2273,#VALUE!,2016,N/A,N/A,SC,N/A,N/A,N/A,N/A,N/A,N/A,N/A,N/A,N/A,N/A
,"Abbeville County, SC",2273,#VALUE!,2015,N/A,N/A,SC,"24,997","18,112","44,918","88,300",562,"9,573",964,3,43,22.5
,"Abbeville County, SC",2273,#VALUE!,2014,N/A,N/A,SC,"25,100","18,303","45,694","89,000",583,"9,752",927,2,43,23
,"Abbeville County, SC",2273,#VALUE!,2013,N/A,N/A,SC,"25,233","18,134","47,211","91,200",629,"9,809",875,2,43,22
,"Abbeville County, SC",2273,#VALUE!,2012,N/A,N/A,SC,"25,387","17,876","46,983","90,300",593,"9,878",905,2,42,21
,"Abbeville County, SC",2273,#VALUE!,2011,N/A,N/A,SC,N/A,N/A,N/A,N/A,N/A,N/A,N/A,N/A,N/A,N/A
,"Abbeville County, SC",2273,#VALUE!,2010,N/A,N/A,SC,N/A,N/A,N/A,N/A,N/A,N/A,N/A,N/A,N/A,N/A
,"Abbeville County, SC",2273,#VALUE!,2009,N/A,N/A,SC,N/A,N/A,N/A,N/A,N/A,N/A,N/A,N/A,N/A,N/A
,"Abbeville County, SC",2273,#VALUE!,2008,N/A,N/A,SC,N/A,N/A,N/A,N/A,N/A,N/A,N/A,N/A,N/A,N/A
,"Abbeville County, SC",2273,#VALUE!,2007,N/A,N/A,SC,N/A,N/A,N/A,N/A,N/A,N/A,N/A,N/A,N/A,N/A
,"Abbeville County, SC",2273,#VALUE!,2006,N/A,N/A,SC,N/A,N/A,N/A,N/A,N/A,N/A,N/A,N/A,N/A,N/A
,"Abbeville County, SC",2273,#VALUE!,2005,N/A,N/A,SC,N/A,N/A,N/A,N/A,N/A,N/A,N/A,N/A,N/A,N/A
,"Abbeville County, SC",2273,#VALUE!,2004,N/A,N/A,SC,N/A,N/A,N/A,N/A,N/A,N/A,N/A,N/A,N/A,N/A
,"Abbeville County, SC",2273,#VALUE!,2003,N/A,N/A,SC,N/A,N/A,N/A,N/A,N/A,N/A,N/A,N/A,N/A,N/A
,"Abbeville County, SC",2273,#VALUE!,2002,N/A,N/A,SC,N/A,N/A,N/A,N/A,N/A,N/A,N/A,N/A,N/A,N/A
,"Abbeville County, SC",2273,#VALUE!,2001,N/A,N/A,SC,N/A,N/A,N/A,N/A,N/A,N/A,N/A,N/A,N/A,N/A
"Acadia Parish, LA","Acadia Parish, LA",1079,#VALUE!,2017,N/A,N/A,LA,N/A,N/A,N/A,N/A,N/A,N/A,N/A,N/A,N/A,N/A
,"Acadia Parish, LA",1079,#VALUE!,2016,N/A,N/A,LA,N/A,N/A,N/A,N/A,N/A,N/A,N/A,N/A,N/A,N/A
,"Acadia Parish, LA",1079,#VALUE!,2015,N/A,N/A,LA,"62,163","20,552","46,837","91,000",535,"22,599",421,3,36,20.6
,"Acadia Parish, LA",1079,#VALUE!,2014,N/A,N/A,LA,"62,031","20,264","44,554","88,500",536,"22,788",341,3,36,20
,"Acadia Parish, LA",1079,#VALUE!,2013,N/A,N/A,LA,"61,847","19,910","46,159","88,600",524,"22,527",265,3,36,19
,"Acadia Parish, LA",1079,#VALUE!,2012,N/A,N/A,LA,"61,611","19,369","44,552","88,900",541,"22,173",329,3,36,19
,"Acadia Parish, LA",1079,#VALUE!,2011,N/A,N/A,LA,N/A,N/A,N/A,N/A,N/A,N/A,N/A,N/A,N/A,N/A
,"Acadia Parish, LA",1079,#VALUE!,2010,N/A,N/A,LA,N/A,N/A,N/A,N/A,N/A,N/A,N/A,N/A,N/A,N/A
,"Acadia Parish, LA",1079,#VALUE!,2009,N/A,N/A,LA,N/A,N/A,N/A,N/A,N/A,N/A,N/A,N/A,N/A,N/A
,"Acadia Parish, LA",1079,#VALUE!,2008,N/A,N/A,LA,N/A,N/A,N/A,N/A,N/A,N/A,N/A,N/A,N/A,N/A
,"Acadia Parish, LA",1079,#VALUE!,2007,N/A,N/A,LA,N/A,N/A,N/A,N/A,N/A,N/A,N/A,N/A,N/A,N/A
,"Acadia Parish, LA",1079,#VALUE!,2006,N/A,N/A,LA,N/A,N/A,N/A,N/A,N/A,N/A,N/A,N/A,N/A,N/A
,"Acadia Parish, LA",1079,#VALUE!,2005,N/A,N/A,LA,N/A,N/A,N/A,N/A,N/A,N/A,N/A,N/A,N/A,N/A
,"Acadia Parish, LA",1079,#VALUE!,2004,N/A,N/A,LA,N/A,N/A,N/A,N/A,N/A,N/A,N/A,N/A,N/A,N/A
,"Acadia Parish, LA",1079,#VALUE!,2003,N/A,N/A,LA,N/A,N/A,N/A,N/A,N/A,N/A,N/A,N/A,N/A,N/A
,"Acadia Parish, LA",1079,#VALUE!,2002,N/A,N/A,LA,N/A,N/A,N/A,N/A,N/A,N/A,N/A,N/A,N/A,N/A
,"Acadia Parish, LA",1079,#VALUE!,2001,N/A,N/A,LA,N/A,N/A,N/A,N/A,N/A,N/A,N/A,N/A,N/A,N/A
"Accomack County, VA","Accomack County, VA",2762,#VALUE!,2017,N/A,N/A,VA,N/A,N/A,N/A,N/A,N/A,N/A,N/A,N/A,N/A,N/A
,"Accomack County, VA",2762,#VALUE!,2016,N/A,N/A,VA,N/A,N/A,N/A,N/A,N/A,N/A,N/A,N/A,N/A,N/A
,"Accomack County, VA",2762,#VALUE!,2015,N/A,N/A,VA,"33,115","23,231","49,807","153,300",733,"13,961","4,239",2,45,19.6
,"Accomack County, VA",2762,#VALUE!,2014,N/A,N/A,VA,"33,165","23,206","49,508","152,500",715,"14,289","4,099",2,45,21
,"Accomack County, VA",2762,#VALUE!,2013,N/A,N/A,VA,"33,289","22,703","48,708","153,600",734,"14,333","4,047",2,45,21
,"Accomack County, VA",2762,#VALUE!,2012,N/A,N/A,VA,"33,454","22,909","50,250","153,800",741,"14,286","4,213",2,45,20
,"Accomack County, VA",2762,#VALUE!,2011,N/A,N/A,VA,N/A,N/A,N/A,N/A,N/A,N/A,N/A,N/A,N/A,N/A
,"Accomack County, VA",2762,#VALUE!,2010,N/A,N/A,VA,N/A,N/A,N/A,N/A,N/A,N/A,N/A,N/A,N/A,N/A
,"Accomack County, VA",2762,#VALUE!,2009,N/A,N/A,VA,N/A,N/A,N/A,N/A,N/A,N/A,N/A,N/A,N/A,N/A
,"Accomack County, VA",2762,#VALUE!,2008,N/A,N/A,VA,N/A,N/A,N/A,N/A,N/A,N/A,N/A,N/A,N/A,N/A
,"Accomack County, VA",2762,#VALUE!,2007,N/A,N/A,VA,N/A,N/A,N/A,N/A,N/A,N/A,N/A,N/A,N/A,N/A
,"Accomack County, VA",2762,#VALUE!,2006,N/A,N/A,VA,N/A,N/A,N/A,N/A,N/A,N/A,N/A,N/A,N/A,N/A
,"Accomack County, VA",2762,#VALUE!,2005,N/A,N/A,VA,N/A,N/A,N/A,N/A,N/A,N/A,N/A,N/A,N/A,N/A
,"Accomack County, VA",2762,#VALUE!,2004,N/A,N/A,VA,N/A,N/A,N/A,N/A,N/A,N/A,N/A,N/A,N/A,N/A
,"Accomack County, VA",2762,#VALUE!,2003,N/A,N/A,VA,N/A,N/A,N/A,N/A,N/A,N/A,N/A,N/A,N/A,N/A
,"Accomack County, VA",2762,#VALUE!,2002,N/A,N/A,VA,N/A,N/A,N/A,N/A,N/A,N/A,N/A,N/A,N/A,N/A
,"Accomack County, VA",2762,#VALUE!,2001,N/A,N/A,VA,N/A,N/A,N/A,N/A,N/A,N/A,N/A,N/A,N/A,N/A
"Ada County, ID","Ada County, ID",616,#VALUE!,2017,Aa1,ISSUER LT RATING,ID,N/A,N/A,N/A,N/A,N/A,N/A,N/A,N/A,N/A,N/A
,"Ada County, ID",616,#VALUE!,2016,Aa1,ISSUER LT RATING,ID,N/A,N/A,N/A,N/A,N/A,N/A,N/A,N/A,N/A,N/A
,"Ada County, ID",616,#VALUE!,2015,Aa1,ISSUER LT RATING,ID,"417,501","28,851","69,792","188,800",856,"157,286","1,187",3,36,12.4
,"Ada County, ID",616,#VALUE!,2014,Aa1,ISSUER LT RATING,ID,"409,239","28,318","68,197","183,300",844,"154,408",996,3,36,13
,"Ada County, ID",616,#VALUE!,2013,Aa1,ISSUER LT RATING,ID,"401,673","27,452","67,641","183,600",833,"151,600",879,3,35,13
,"Ada County, ID",616,#VALUE!,2012,Aa1,ISSUER LT RATING,ID,"394,961","27,522","67,060","193,300",821,"149,884",917,3,35,12
,"Ada County, ID",616,#VALUE!,2011,Aa1,ISSUER LT RATING,ID,N/A,N/A,N/A,N/A,N/A,N/A,N/A,N/A,N/A,N/A
,"Ada County, ID",616,#VALUE!,2010,Aa1,ISSUER LT RATING,ID,N/A,N/A,N/A,N/A,N/A,N/A,N/A,N/A,N/A,N/A
,"Ada County, ID",616,#VALUE!,2009,Aa1,ISSUER LT RATING,ID,N/A,N/A,N/A,N/A,N/A,N/A,N/A,N/A,N/A,N/A
,"Ada County, ID",616,#VALUE!,2008,Aa1,ISSUER LT RATING,ID,N/A,N/A,N/A,N/A,N/A,N/A,N/A,N/A,N/A,N/A
,"Ada County, ID",616,#VALUE!,2007,Aa1,ISSUER LT RATING,ID,N/A,N/A,N/A,N/A,N/A,N/A,N/A,N/A,N/A,N/A
,"Ada County, ID",616,#VALUE!,2006,Aa1,ISSUER LT RATING,ID,N/A,N/A,N/A,N/A,N/A,N/A,N/A,N/A,N/A,N/A
,"Ada County, ID",616,#VALUE!,2005,Aa1,ISSUER LT RATING,ID,N/A,N/A,N/A,N/A,N/A,N/A,N/A,N/A,N/A,N/A
,"Ada County, ID",616,#VALUE!,2004,Aa1,ISSUER LT RATING,ID,N/A,N/A,N/A,N/A,N/A,N/A,N/A,N/A,N/A,N/A
,"Ada County, ID",616,#VALUE!,2003,Aa1,ISSUER LT RATING,ID,N/A,N/A,N/A,N/A,N/A,N/A,N/A,N/A,N/A,N/A
,"Ada County, ID",616,#VALUE!,2002,Aa1,ISSUER LT RATING,ID,N/A,N/A,N/A,N/A,N/A,N/A,N/A,N/A,N/A,N/A
,"Ada County, ID",616,#VALUE!,2001,Aa1,ISSUER LT RATING,ID,N/A,N/A,N/A,N/A,N/A,N/A,N/A,N/A,N/A,N/A
"Adair County, IA","Adair County, IA",517,#VALUE!,2017,Aa3,LT SR GO,IA,N/A,N/A,N/A,N/A,N/A,N/A,N/A,N/A,N/A,N/A
,"Adair County, IA",517,#VALUE!,2016,Aa3,LT SR GO,IA,N/A,N/A,N/A,N/A,N/A,N/A,N/A,N/A,N/A,N/A
,"Adair County, IA",517,#VALUE!,2015,Aa3,LT SR GO,IA,"7,426","25,990","58,738","89,600",553,"3,229",19,2,46,10.6
,"Adair County, IA",517,#VALUE!,2014,Aa3,LT SR GO,IA,"7,543","25,657","58,822","88,900",552,"3,252",23,2,46,9
,"Adair County, IA",517,#VALUE!,2013,Aa3,LT SR GO,IA,"7,588","25,564","60,232","90,900",526,"3,295",32,2,46,9
,"Adair County, IA",517,#VALUE!,2012,Aa3,LT SR GO,IA,"7,628","25,147","59,052","96,700",511,"3,270",24,2,45,10
,"Adair County, IA",517,#VALUE!,2011,Aa3,LT SR GO,IA,N/A,N/A,N/A,N/A,N/A,N/A,N/A,N/A,N/A,N/A
,"Adair County, IA",517,#VALUE!,2010,Aa3,LT SR GO,IA,N/A,N/A,N/A,N/A,N/A,N/A,N/A,N/A,N/A,N/A
,"Adair County, IA",517,#VALUE!,2009,Aa3,LT SR GO,IA,N/A,N/A,N/A,N/A,N/A,N/A,N/A,N/A,N/A,N/A
,"Adair County, IA",517,#VALUE!,2008,Aa3,LT SR GO,IA,N/A,N/A,N/A,N/A,N/A,N/A,N/A,N/A,N/A,N/A
,"Adair County, IA",517,#VALUE!,2007,Aa3,LT SR GO,IA,N/A,N/A,N/A,N/A,N/A,N/A,N/A,N/A,N/A,N/A
,"Adair County, IA",517,#VALUE!,2006,Aa3,LT SR GO,IA,N/A,N/A,N/A,N/A,N/A,N/A,N/A,N/A,N/A,N/A
,"Adair County, IA",517,#VALUE!,2005,Aa3,LT SR GO,IA,N/A,N/A,N/A,N/A,N/A,N/A,N/A,N/A,N/A,N/A
,"Adair County, IA",517,#VALUE!,2004,Aa3,LT SR GO,IA,N/A,N/A,N/A,N/A,N/A,N/A,N/A,N/A,N/A,N/A
